2025-09-02 09:29:52,BTCUSDT,BUY,,,17856319,,110335.3,,0.9193
2025-09-02 09:29:58,BTCUSDT,SELL,,,17856325,,110300.0,,0.9193
2025-09-02 09:31:05,BTCUSDT,SELL,,,17856439,,110313.5,,0.9193
✗ Error placing STOP SELL: APIError(code=-2010): Stop price would trigger immediately.
2025-09-02 09:31:59,BTCUSDT,BUY,,,17856526,,110366.3,,0.9191
2025-09-02 09:33:10,BTCUSDT,BUY,,,17856635,,110324.4,,0.9191
2025-09-02 09:34:04,BTCUSDT,BUY,,,17856733,,110273.96,,0.9191
2025-09-02 09:34:28,BTCUSDT,SELL,,,17856758,,110265.6,,0.9191
✗ Error placing STOP SELL: APIError(code=-2010): Stop price would trigger immediately.
2025-09-02 09:34:53,BTCUSDT,BUY,,,17856794,,110273.96,,0.9187
2025-09-02 09:35:12,BTCUSDT,BUY,,,17856822,,110283.29,,0.9187
2025-09-02 09:36:11,BTCUSDT,BUY,,,17856911,,110258.02,,0.9187
2025-09-02 09:37:06,BTCUSDT,BUY,,,17856997,,110213.68,,0.9187
2025-09-02 09:38:05,BTCUSDT,BUY,,,17857040,,110198.93,,0.9187
2025-09-02 09:39:10,BTCUSDT,BUY,,,17857117,,110184.83,,0.9187
2025-09-02 09:39:39,BTCUSDT,SELL,,,17857165,,110167.03,,0.9187
2025-09-02 09:40:00,BTCUSDT,SELL,,,17857188,,110175.49,,0.9187
2025-09-02 09:41:09,BTCUSDT,SELL,,,17857283,,110221.5,,0.9187
2025-09-02 09:42:09,BTCUSDT,SELL,,,17857383,,110243.11,,0.9187
✗ Error placing STOP SELL: APIError(code=-2010): Stop price would trigger immediately.
2025-09-02 09:42:29,BTCUSDT,BUY,,,17857423,,110278.5,,0.9178
2025-09-02 09:44:04,BTCUSDT,BUY,,,17857544,,110286.11,,0.9178
2025-09-02 09:45:04,BTCUSDT,BUY,,,17857614,,110267.33,,0.9178
2025-09-02 09:46:09,BTCUSDT,BUY,,,17857724,,110262.5,,0.9178
2025-09-02 09:46:16,BTCUSDT,SELL,,,17857735,,110224.03,,0.9178
2025-09-02 09:47:03,BTCUSDT,SELL,,,17857827,,110261.49,,0.9178
2025-09-02 09:47:41,BTCUSDT,BUY,,,17857878,,110300.42,,0.9177
2025-09-02 09:48:10,BTCUSDT,BUY,,,17857925,,110270.61,,0.9177
2025-09-02 09:49:06,BTCUSDT,BUY,,,17857995,,110244.49,,0.9177
2025-09-02 09:50:10,BTCUSDT,BUY,,,17858068,,110214.5,,0.9177
2025-09-02 09:51:09,BTCUSDT,BUY,,,17858156,,110185.77,,0.9177
2025-09-02 09:52:10,BTCUSDT,BUY,,,17858272,,110195.6,,0.9177
✗ Error placing STOP BUY: APIError(code=-2010): Stop price would trigger immediately.
2025-09-02 09:52:52,BTCUSDT,SELL,,,17858335,,110143.12,,0.9177
2025-09-02 09:53:05,BTCUSDT,SELL,,,17858372,,110143.13,,0.9177
2025-09-02 09:54:03,BTCUSDT,SELL,,,17858487,,110174.96,,0.9177
2025-09-02 09:55:04,BTCUSDT,SELL,,,17858596,,110207.51,,0.9177
2025-09-02 09:56:05,BTCUSDT,SELL,,,17858675,,110213.49,,0.9177
2025-09-02 09:57:03,BTCUSDT,SELL,,,17858765,,110249.5,,0.9177
2025-09-02 09:58:04,BTCUSDT,SELL,,,17858857,,110234.86,,0.9177
2025-09-02 10:00:04,BTCUSDT,SELL,,,17859027,,110265.49,,0.9177
2025-09-02 10:01:08,BTCUSDT,SELL,,,17859164,,110294.18,,0.9177
2025-09-02 10:01:35,BTCUSDT,BUY,,,17859217,,110337.56,,0.9151
2025-09-02 10:02:11,BTCUSDT,BUY,,,17859281,,110307.46,,0.9151
2025-09-02 10:03:10,BTCUSDT,BUY,,,17859345,,110262.5,,0.9151
2025-09-02 10:04:10,BTCUSDT,BUY,,,17859456,,110245.26,,0.9151
2025-09-02 10:05:04,BTCUSDT,BUY,,,17859545,,110232.5,,0.9151
2025-09-02 10:06:10,BTCUSDT,BUY,,,17859640,,110172.47,,0.9151
2025-09-02 10:07:11,BTCUSDT,BUY,,,17859701,,110150.51,,0.9151
2025-09-02 10:08:10,BTCUSDT,BUY,,,17859786,,110157.89,,0.9151
2025-09-02 10:09:10,BTCUSDT,BUY,,,17859897,,110125.24,,0.9151
2025-09-02 10:10:04,BTCUSDT,BUY,,,17859982,,110105.48,,0.9151
2025-09-02 10:10:27,BTCUSDT,SELL,,,17860033,,110044.51,,0.9151
2025-09-02 10:11:03,BTCUSDT,SELL,,,17860086,,110079.31,,0.9151
2025-09-02 10:12:04,BTCUSDT,SELL,,,17860146,,110082.47,,0.9151
2025-09-02 10:13:03,BTCUSDT,SELL,,,17860231,,110087.49,,0.9151
2025-09-02 10:14:04,BTCUSDT,SELL,,,17860319,,110139.49,,0.9151
2025-09-02 10:15:04,BTCUSDT,SELL,,,17860382,,110145.5,,0.9151
2025-09-02 10:16:04,BTCUSDT,SELL,,,17860479,,110158.48,,0.9151
2025-09-02 10:16:31,BTCUSDT,BUY,,,17860535,,110228.49,,0.9153
2025-09-02 10:17:10,BTCUSDT,BUY,,,17860598,,110159.49,,0.9153
✗ Error placing STOP BUY: APIError(code=-2010): Stop price would trigger immediately.
2025-09-02 10:17:27,BTCUSDT,SELL,,,17860624,,110123.5,,0.9153
2025-09-02 10:18:03,BTCUSDT,SELL,,,17860669,,110137.25,,0.9153
2025-09-02 10:19:04,BTCUSDT,SELL,,,17860781,,110159.53,,0.9153
2025-09-02 10:20:04,BTCUSDT,SELL,,,17860881,,110194.01,,0.9153
2025-09-02 10:20:30,BTCUSDT,BUY,,,17860930,,110248.5,,0.9155
2025-09-02 10:21:10,BTCUSDT,BUY,,,17860967,,110265.04,,0.9155
2025-09-02 10:22:11,BTCUSDT,BUY,,,17861070,,110184.49,,0.9155
2025-09-02 10:23:10,BTCUSDT,BUY,,,17861149,,110122.5,,0.9155
2025-09-02 10:24:08,BTCUSDT,SELL,,,17861258,,110102.11,,0.9155
2025-09-02 10:25:05,BTCUSDT,SELL,,,17861350,,110122.45,,0.9155
2025-09-02 10:26:04,BTCUSDT,SELL,,,17861423,,110159.3,,0.9155
2025-09-02 10:27:08,BTCUSDT,SELL,,,17861513,,110197.85,,0.9155
✗ Error placing STOP SELL: APIError(code=-2010): Stop price would trigger immediately.
2025-09-02 10:27:30,BTCUSDT,BUY,,,17861548,,110226.39,,0.9159
2025-09-02 10:28:11,BTCUSDT,BUY,,,17861618,,110209.11,,0.9159
2025-09-02 10:29:09,BTCUSDT,BUY,,,17861678,,110193.63,,0.9159
2025-09-02 10:30:10,BTCUSDT,BUY,,,17861775,,110184.92,,0.9159
2025-09-02 10:31:04,BTCUSDT,BUY,,,17861849,,110180.21,,0.9159
2025-09-02 10:33:10,BTCUSDT,BUY,,,17861971,,110168.88,,0.9159
2025-09-02 10:34:11,BTCUSDT,BUY,,,17862039,,110158.51,,0.9159
2025-09-02 10:35:10,BTCUSDT,BUY,,,17862109,,110157.7,,0.9159
2025-09-02 10:36:10,BTCUSDT,BUY,,,17862184,,110156.49,,0.9159
2025-09-02 10:37:08,BTCUSDT,SELL,,,17862239,,110155.48,,0.9159
2025-09-02 10:38:04,BTCUSDT,SELL,,,17862311,,110151.11,,0.9159
2025-09-02 10:38:13,BTCUSDT,BUY,,,17862343,,110197.02,,0.9156
2025-09-02 10:39:04,BTCUSDT,BUY,,,17862437,,110152.12,,0.9156
2025-09-02 10:39:38,BTCUSDT,SELL,,,17862504,,110123.23,,0.9156
2025-09-02 10:40:03,BTCUSDT,SELL,,,17862531,,110127.5,,0.9156
2025-09-02 10:41:09,BTCUSDT,SELL,,,17862641,,110168.02,,0.9156
2025-09-02 10:41:54,BTCUSDT,BUY,,,17862720,,110204.9,,0.9128
2025-09-02 10:42:05,BTCUSDT,BUY,,,17862778,,110195.46,,0.9128
2025-09-02 10:43:10,BTCUSDT,BUY,,,17862855,,110168.15,,0.9128
2025-09-02 10:45:10,BTCUSDT,BUY,,,17863041,,110163.15,,0.9128
✗ Error placing STOP BUY: APIError(code=-2010): Stop price would trigger immediately.
2025-09-02 10:46:03,BTCUSDT,SELL,,,17863124,,110123.5,,0.9128
2025-09-02 10:47:05,BTCUSDT,SELL,,,17863220,,110171.48,,0.9128
2025-09-02 10:48:04,BTCUSDT,SELL,,,17863305,,110185.61,,0.9128
2025-09-02 10:49:04,BTCUSDT,SELL,,,17863403,,110239.49,,0.9128
✗ Error placing STOP SELL: APIError(code=-2010): Stop price would trigger immediately.
2025-09-02 10:49:41,BTCUSDT,BUY,,,17863451,,110311.53,,0.9131
2025-09-02 10:51:06,BTCUSDT,BUY,,,17863543,,110254.95,,0.9131
✗ Error placing STOP BUY: APIError(code=-2010): Stop price would trigger immediately.
2025-09-02 10:51:52,BTCUSDT,SELL,,,17863614,,110216.1,,0.9131
2025-09-02 10:52:05,BTCUSDT,SELL,,,17863631,,110253.94,,0.9131
2025-09-02 10:52:46,BTCUSDT,BUY,,,17863676,,110291.23,,0.9128
2025-09-02 10:53:02,BTCUSDT,BUY,,,17863697,,110305.59,,0.9128
2025-09-02 10:54:07,BTCUSDT,BUY,,,17863791,,110264.5,,0.9128
2025-09-02 10:55:10,BTCUSDT,BUY,,,17863869,,110240.51,,0.9128
✗ Error placing STOP BUY: APIError(code=-2010): Stop price would trigger immediately.
2025-09-02 10:55:26,BTCUSDT,SELL,,,17863901,,110227.75,,0.9128
2025-09-02 10:56:04,BTCUSDT,SELL,,,17863941,,110229.5,,0.9128
2025-09-02 10:57:03,BTCUSDT,SELL,,,17864038,,110215.84,,0.9128
2025-09-02 10:57:41,BTCUSDT,BUY,,,17864074,,110261.62,,0.9119
✗ Error placing STOP BUY: APIError(code=-2010): Stop price would trigger immediately.
2025-09-02 10:58:10,BTCUSDT,BUY,MARKET,FILLED,17864120,0.00000000,110216.85,0.91190000,0.91190000
2025-09-02 10:58:17,BTCUSDT,SELL,,,17864127,,110213.93,,0.9119
2025-09-02 10:59:04,BTCUSDT,SELL,,,17864182,,110213.94,,0.9119
2025-09-02 11:00:05,BTCUSDT,SELL,,,17864262,,110208.82,,0.9119
2025-09-02 11:00:28,BTCUSDT,BUY,,,17864290,,110232.51,,0.9107
2025-09-02 11:01:10,BTCUSDT,BUY,,,17864329,,110209.83,,0.9107
2025-09-02 11:01:35,BTCUSDT,SELL,,,17864367,,110175.19,,0.9107
2025-09-02 11:02:04,BTCUSDT,SELL,,,17864413,,110189.05,,0.9107
2025-09-02 11:02:29,BTCUSDT,BUY,,,17864449,,110240.5,,0.9103
2025-09-02 11:03:10,BTCUSDT,BUY,,,17864496,,110200.5,,0.9103
2025-09-02 11:04:10,BTCUSDT,BUY,,,17864572,,110222.94,,0.9103
2025-09-02 11:04:59,BTCUSDT,SELL,,,17864641,,110189.06,,0.9103
2025-09-02 11:05:09,BTCUSDT,SELL,,,17864644,,110206.32,,0.9103
2025-09-02 11:07:05,BTCUSDT,SELL,,,17864808,,110249.12,,0.9103
2025-09-02 11:08:04,BTCUSDT,SELL,,,17864903,,110289.71,,0.9103
2025-09-02 11:09:03,BTCUSDT,SELL,,,17864996,,110303.49,,0.9103
2025-09-02 11:10:04,BTCUSDT,SELL,,,17865077,,110325.17,,0.9103
2025-09-02 11:10:49,BTCUSDT,BUY,,,17865155,,110366.39,,0.9109
2025-09-02 11:11:10,BTCUSDT,BUY,,,17865180,,110399.19,,0.9109
2025-09-02 11:12:10,BTCUSDT,BUY,,,17865257,,110308.62,,0.9109
2025-09-02 11:13:05,BTCUSDT,BUY,,,17865333,,110349.54,,0.9109
2025-09-02 11:13:27,BTCUSDT,SELL,,,17865357,,110301.49,,0.9109
2025-09-02 11:14:09,BTCUSDT,SELL,,,17865414,,110348.54,,0.9109
2025-09-02 11:15:03,BTCUSDT,SELL,,,17865478,,110333.4,,0.9109
2025-09-02 11:16:09,BTCUSDT,SELL,,,17865589,,110349.49,,0.9109
✗ Error placing STOP SELL: APIError(code=-2010): Account has insufficient balance for requested action.
2025-09-02 11:17:13,BTCUSDT,BUY,,,17865663,,110387.7,,0.9107
✗ Error placing STOP BUY: APIError(code=-2010): Stop price would trigger immediately.
2025-09-02 11:18:16,BTCUSDT,SELL,,,17865765,,110338.82,,0.9107
2025-09-02 11:19:05,BTCUSDT,SELL,,,17865835,,110379.5,,0.9107
2025-09-02 11:21:04,BTCUSDT,SELL,,,17866022,,110366.97,,0.9107
2025-09-02 11:22:05,BTCUSDT,SELL,,,17866073,,110427.89,,0.9107
2025-09-02 11:22:34,BTCUSDT,BUY,,,17866103,,110428.9,,0.9108
2025-09-02 11:22:58,BTCUSDT,SELL,,,17866152,,110427.89,,0.9108
2025-09-02 11:23:04,BTCUSDT,SELL,,,17866164,,110399.43,,0.9108
2025-09-02 11:24:03,BTCUSDT,SELL,,,17866272,,110435.51,,0.9108
2025-09-02 11:25:05,BTCUSDT,SELL,,,17866354,,110449.7,,0.9108
✗ Error placing STOP SELL: APIError(code=-2010): Stop price would trigger immediately.
2025-09-02 11:25:28,BTCUSDT,BUY,,,17866389,,110489.11,,0.9107
2025-09-02 11:26:02,BTCUSDT,BUY,,,17866431,,110450.7,,0.9107
✗ Error placing STOP BUY: APIError(code=-2010): Stop price would trigger immediately.
2025-09-02 11:26:47,BTCUSDT,SELL,,,17866496,,110415.91,,0.9107
2025-09-02 11:27:03,BTCUSDT,SELL,,,17866517,,110435.5,,0.9107
2025-09-02 11:28:04,BTCUSDT,SELL,,,17866585,,110445.51,,0.9107
2025-09-02 11:29:03,BTCUSDT,SELL,,,17866675,,110455.86,,0.9107
2025-09-02 11:29:30,BTCUSDT,BUY,,,17866708,,110478.98,,0.9106
2025-09-02 11:30:10,BTCUSDT,BUY,,,17866784,,110459.68,,0.9106
2025-09-02 11:31:04,BTCUSDT,BUY,,,17866894,,110446.52,,0.9106
✗ Error placing STOP BUY: APIError(code=-2010): Stop price would trigger immediately.
2025-09-02 11:31:57,BTCUSDT,SELL,,,17866993,,110415.92,,0.9106
2025-09-02 11:32:04,BTCUSDT,SELL,,,17866995,,110415.91,,0.9106
2025-09-02 11:33:05,BTCUSDT,SELL,,,17867094,,110466.49,,0.9106
2025-09-02 11:34:03,BTCUSDT,SELL,,,17867171,,110482.47,,0.9106
2025-09-02 11:35:04,BTCUSDT,SELL,,,17867252,,110470.03,,0.9106
2025-09-02 11:36:04,BTCUSDT,SELL,,,17867331,,110483.5,,0.9106
2025-09-02 11:37:05,BTCUSDT,SELL,,,17867427,,110484.6,,0.9106
2025-09-02 11:38:04,BTCUSDT,SELL,,,17867498,,110468.68,,0.9106
2025-09-02 11:39:04,BTCUSDT,SELL,,,17867576,,110499.49,,0.9106
2025-09-02 11:41:04,BTCUSDT,SELL,,,17867730,,110513.5,,0.9106
✗ Error placing STOP SELL: APIError(code=-2010): Stop price would trigger immediately.
2025-09-02 11:42:05,BTCUSDT,SELL,MARKET,FILLED,17867824,0.00000000,110499.5,0.91060000,0.91060000
2025-09-02 11:42:14,BTCUSDT,BUY,,,17867831,,110611.0,,0.9107
2025-09-02 11:43:06,BTCUSDT,BUY,,,17867911,,110503.46,,0.9107
✗ Error placing STOP BUY: APIError(code=-2010): Stop price would trigger immediately.
2025-09-02 11:43:26,BTCUSDT,SELL,,,17867940,,110475.97,,0.9107
2025-09-02 11:43:35,BTCUSDT,BUY,,,17867966,,110503.46,,0.9105
2025-09-02 11:44:10,BTCUSDT,BUY,,,17868023,,110518.48,,0.9105
2025-09-02 11:45:10,BTCUSDT,BUY,,,17868132,,110459.55,,0.9105
2025-09-02 11:46:02,BTCUSDT,BUY,,,17868222,,110432.07,,0.9105
2025-09-02 11:47:04,BTCUSDT,BUY,,,17868343,,110413.21,,0.9105
2025-09-02 11:48:10,BTCUSDT,BUY,,,17868459,,110408.5,,0.9105
2025-09-02 11:48:26,BTCUSDT,SELL,,,17868489,,110389.5,,0.9105
2025-09-02 11:49:04,BTCUSDT,SELL,,,17868545,,110398.2,,0.9105
2025-09-02 11:50:04,BTCUSDT,SELL,,,17868632,,110376.51,,0.9105
2025-09-02 11:51:04,BTCUSDT,SELL,,,17868723,,110369.74,,0.9105
2025-09-02 11:51:17,BTCUSDT,BUY,,,17868753,,110393.06,,0.91
2025-09-02 11:52:01,BTCUSDT,BUY,,,17868823,,110406.91,,0.91
2025-09-02 11:53:10,BTCUSDT,BUY,,,17868920,,110360.5,,0.91
2025-09-02 11:53:52,BTCUSDT,SELL,,,17869026,,110339.22,,0.91
2025-09-02 11:54:04,BTCUSDT,SELL,,,17869049,,110359.49,,0.91
2025-09-02 11:55:08,BTCUSDT,SELL,,,17869144,,110361.85,,0.91
✗ Error placing STOP SELL: APIError(code=-2010): Stop price would trigger immediately.
2025-09-02 11:56:00,BTCUSDT,BUY,,,17869219,,110379.98,,0.9099
2025-09-02 11:56:11,BTCUSDT,BUY,,,17869240,,110422.02,,0.9099
2025-09-02 11:57:10,BTCUSDT,BUY,,,17869309,,110411.65,,0.9099
✗ Error placing STOP BUY: APIError(code=-2010): Stop price would trigger immediately.
2025-09-02 11:57:44,BTCUSDT,SELL,,,17869368,,110338.5,,0.9099
2025-09-02 11:58:04,BTCUSDT,SELL,,,17869390,,110405.5,,0.9099
2025-09-02 11:59:03,BTCUSDT,SELL,,,17869489,,110376.13,,0.9099
2025-09-02 12:00:17,BTCUSDT,BUY,,,17869597,,110431.32,,0.909
2025-09-02 12:01:04,BTCUSDT,BUY,,,17869668,,110377.15,,0.909
2025-09-02 12:02:01,BTCUSDT,BUY,,,17869766,,110375.01,,0.909
2025-09-02 12:03:11,BTCUSDT,BUY,,,17869855,,110356.5,,0.909
2025-09-02 12:04:01,BTCUSDT,BUY,,,17869901,,110368.19,,0.909
2025-09-02 12:06:10,BTCUSDT,BUY,,,17870080,,110380.5,,0.909
2025-09-02 12:07:04,BTCUSDT,BUY,,,17870149,,110335.58,,0.909
2025-09-02 12:07:38,BTCUSDT,SELL,,,17870197,,110316.14,,0.909
2025-09-02 12:08:03,BTCUSDT,SELL,,,17870223,,110301.68,,0.909
✗ Error placing STOP SELL: APIError(code=-2010): Stop price would trigger immediately.
2025-09-02 12:08:23,BTCUSDT,BUY,,,17870260,,110338.75,,0.9083
2025-09-02 12:09:11,BTCUSDT,BUY,,,17870327,,110302.69,,0.9083
✗ Error placing STOP BUY: APIError(code=-2010): Stop price would trigger immediately.
2025-09-02 12:10:10,BTCUSDT,BUY,MARKET,FILLED,17870422,0.00000000,110294.5,0.90830000,0.90830000
2025-09-02 12:10:17,BTCUSDT,SELL,,,17870424,,110255.59,,0.9083
2025-09-02 12:11:06,BTCUSDT,BUY,,,17870490,,110288.45,,0.9083
2025-09-02 12:12:04,BTCUSDT,BUY,,,17870532,,110251.31,,0.9083
2025-09-02 12:13:10,BTCUSDT,BUY,,,17870610,,110250.5,,0.9083
2025-09-02 12:14:01,BTCUSDT,BUY,,,17870687,,110246.49,,0.9083
2025-09-02 12:15:01,BTCUSDT,BUY,,,17870789,,110204.07,,0.9083
2025-09-02 12:16:02,BTCUSDT,BUY,,,17870892,,110206.5,,0.9083
✗ Error placing STOP BUY: APIError(code=-2010): Stop price would trigger immediately.
2025-09-02 12:16:34,BTCUSDT,SELL,,,17870932,,110176.41,,0.9083
2025-09-02 12:17:04,BTCUSDT,SELL,,,17870965,,110190.15,,0.9083
2025-09-02 12:18:03,BTCUSDT,SELL,,,17871020,,110220.39,,0.9083
2025-09-02 12:19:03,BTCUSDT,SELL,,,17871085,,110239.33,,0.9083
2025-09-02 12:20:23,BTCUSDT,BUY,,,17871231,,110304.5,,0.9083
2025-09-02 12:21:10,BTCUSDT,BUY,,,17871263,,110241.77,,0.9083
2025-09-02 12:22:10,BTCUSDT,BUY,,,17871349,,110197.71,,0.9083
2025-09-02 12:23:01,BTCUSDT,BUY,,,17871407,,110186.62,,0.9083
2025-09-02 12:23:34,BTCUSDT,SELL,,,17871471,,110163.73,,0.9083
2025-09-02 12:24:03,BTCUSDT,SELL,,,17871495,,110160.4,,0.9083
2025-09-02 12:25:04,BTCUSDT,SELL,,,17871611,,110163.66,,0.9083
2025-09-02 12:26:11,BTCUSDT,SELL,,,17871718,,110161.5,,0.9083
2025-09-02 12:27:04,BTCUSDT,SELL,,,17871775,,110179.49,,0.9083
2025-09-02 12:28:03,BTCUSDT,SELL,,,17871842,,110206.4,,0.9083
2025-09-02 12:29:03,BTCUSDT,SELL,,,17871929,,110216.37,,0.9083
2025-09-02 12:30:04,BTCUSDT,SELL,,,17872000,,110243.49,,0.9083
2025-09-02 12:30:13,BTCUSDT,BUY,,,17872025,,110278.32,,0.9083
2025-09-02 12:31:01,BTCUSDT,BUY,,,17872084,,110246.5,,0.9083
✗ Error placing STOP BUY: APIError(code=-2010): Stop price would trigger immediately.
2025-09-02 12:31:57,BTCUSDT,SELL,,,17872144,,110216.39,,0.9083
2025-09-02 12:33:04,BTCUSDT,SELL,,,17872230,,110243.66,,0.9083
2025-09-02 12:34:13,BTCUSDT,BUY,,,17872320,,110300.5,,0.9081
2025-09-02 12:35:10,BTCUSDT,BUY,,,17872422,,110260.99,,0.9081
2025-09-02 12:36:01,BTCUSDT,BUY,,,17872495,,110202.49,,0.9081
2025-09-02 12:37:10,BTCUSDT,BUY,,,17872595,,110200.7,,0.9081
2025-09-02 12:37:58,BTCUSDT,SELL,,,17872663,,110161.51,,0.9081
2025-09-02 12:38:04,BTCUSDT,SELL,,,17872664,,110139.5,,0.9081
2025-09-02 12:39:09,BTCUSDT,SELL,,,17872762,,110191.63,,0.9081
2025-09-02 12:40:03,BTCUSDT,SELL,,,17872832,,110204.33,,0.9081
2025-09-02 12:41:02,BTCUSDT,SELL,,,17872924,,110217.49,,0.9081
2025-09-02 12:42:04,BTCUSDT,SELL,,,17873006,,110231.73,,0.9081
2025-09-02 12:43:09,BTCUSDT,SELL,,,17873111,,110239.5,,0.9081
2025-09-02 12:43:38,BTCUSDT,BUY,,,17873155,,110270.96,,0.9082
2025-09-02 12:44:05,BTCUSDT,BUY,,,17873185,,110250.51,,0.9082
✗ Error placing STOP BUY: APIError(code=-2010): Stop price would trigger immediately.
2025-09-02 12:44:58,BTCUSDT,SELL,,,17873287,,110226.59,,0.9082
2025-09-02 12:46:04,BTCUSDT,SELL,,,17873378,,110267.5,,0.9082
2025-09-02 12:47:03,BTCUSDT,SELL,,,17873488,,110298.58,,0.9082
✗ Error placing STOP SELL: APIError(code=-2010): Stop price would trigger immediately.
2025-09-02 12:48:09,BTCUSDT,SELL,MARKET,FILLED,17873615,0.00000000,110305.54,0.90820000,0.90820000
2025-09-02 12:48:17,BTCUSDT,BUY,,,17873622,,110400.5,,0.9084
2025-09-02 12:49:05,BTCUSDT,BUY,,,17873701,,110316.72,,0.9084
2025-09-02 12:50:10,BTCUSDT,BUY,,,17873818,,110293.02,,0.9084
2025-09-02 12:51:10,BTCUSDT,BUY,,,17873890,,110166.5,,0.9084
2025-09-02 12:52:05,BTCUSDT,BUY,,,17873993,,110121.56,,0.9084
2025-09-02 12:53:10,BTCUSDT,BUY,,,17874094,,110096.25,,0.9084
2025-09-02 12:54:10,BTCUSDT,BUY,,,17874189,,110069.47,,0.9084
2025-09-02 12:54:46,BTCUSDT,SELL,,,17874259,,110013.54,,0.9084
2025-09-02 12:55:00,BTCUSDT,SELL,,,17874281,,109999.5,,0.9084
2025-09-02 12:56:03,BTCUSDT,SELL,,,17874370,,110055.49,,0.9084
2025-09-02 12:57:04,BTCUSDT,SELL,,,17874473,,110130.07,,0.9084
2025-09-02 12:58:04,BTCUSDT,SELL,,,17874550,,110149.51,,0.9084
2025-09-02 12:58:31,BTCUSDT,BUY,,,17874603,,110216.9,,0.9089
2025-09-02 12:59:10,BTCUSDT,BUY,,,17874657,,110173.65,,0.9089
✗ Error placing STOP BUY: APIError(code=-2010): Stop price would trigger immediately.
2025-09-02 12:59:26,BTCUSDT,SELL,,,17874683,,110129.54,,0.9089
2025-09-02 13:00:04,BTCUSDT,SELL,,,17874734,,110160.08,,0.9089
2025-09-02 13:01:04,BTCUSDT,SELL,,,17874827,,110229.5,,0.9089
2025-09-02 13:02:05,BTCUSDT,SELL,,,17874931,,110215.91,,0.9089
2025-09-02 13:03:04,BTCUSDT,SELL,,,17875042,,110234.64,,0.9089
2025-09-02 13:04:00,BTCUSDT,SELL,,,17875131,,110285.77,,0.9089
✗ Error placing STOP SELL: APIError(code=-2010): Stop price would trigger immediately.
2025-09-02 13:05:00,BTCUSDT,BUY,,,17875275,,110360.49,,0.9094
2025-09-02 13:05:10,BTCUSDT,BUY,,,17875282,,110330.49,,0.9094
2025-09-02 13:06:04,BTCUSDT,BUY,,,17875366,,110249.65,,0.9094
2025-09-02 13:07:03,BTCUSDT,SELL,,,17875461,,110209.09,,0.9094
2025-09-02 13:08:05,BTCUSDT,SELL,,,17875537,,110211.5,,0.9094
2025-09-02 13:08:29,BTCUSDT,BUY,,,17875580,,110256.49,,0.9091
2025-09-02 13:09:03,BTCUSDT,BUY,,,17875643,,110212.5,,0.9091
2025-09-02 13:10:11,BTCUSDT,BUY,,,17875734,,110207.41,,0.9091
2025-09-02 13:11:04,BTCUSDT,BUY,,,17875792,,110139.06,,0.9091
2025-09-02 13:12:01,BTCUSDT,BUY,,,17875869,,110135.45,,0.9091
2025-09-02 13:14:10,BTCUSDT,BUY,,,17876059,,110123.35,,0.9091
2025-09-02 13:15:07,BTCUSDT,BUY,,,17876130,,110078.48,,0.9091
✗ Error placing STOP BUY: APIError(code=-2010): Stop price would trigger immediately.
2025-09-02 13:15:58,BTCUSDT,SELL,,,17876206,,110051.77,,0.9091
2025-09-02 13:17:03,BTCUSDT,SELL,,,17876290,,110087.01,,0.9091
2025-09-02 13:18:03,BTCUSDT,SELL,,,17876349,,110087.0,,0.9091
2025-09-02 13:18:11,BTCUSDT,BUY,,,17876379,,110111.33,,0.909
2025-09-02 13:19:10,BTCUSDT,BUY,,,17876459,,110088.01,,0.909
2025-09-02 13:19:52,BTCUSDT,SELL,,,17876515,,110076.74,,0.909
2025-09-02 13:21:04,BTCUSDT,SELL,,,17876605,,110128.59,,0.909
2025-09-02 13:22:03,BTCUSDT,SELL,,,17876685,,110217.34,,0.909
✗ Error placing STOP SELL: APIError(code=-2010): Stop price would trigger immediately.
2025-09-02 13:22:42,BTCUSDT,BUY,,,17876759,,110285.8,,0.9097
2025-09-02 13:23:10,BTCUSDT,BUY,,,17876803,,110250.34,,0.9097
2025-09-02 13:23:52,BTCUSDT,SELL,,,17876871,,110201.48,,0.9097
2025-09-02 13:24:04,BTCUSDT,SELL,,,17876878,,110207.57,,0.9097
2025-09-02 13:25:04,BTCUSDT,BUY,,,17877005,,110248.7,,0.9091
2025-09-02 13:26:10,BTCUSDT,BUY,,,17877096,,110198.5,,0.9091
2025-09-02 13:26:44,BTCUSDT,SELL,,,17877143,,110163.36,,0.9091
2025-09-02 13:27:03,BTCUSDT,SELL,,,17877168,,110173.49,,0.9091
2025-09-02 13:28:05,BTCUSDT,SELL,,,17877263,,110263.84,,0.9091
2025-09-02 13:29:04,BTCUSDT,SELL,,,17877345,,110298.96,,0.9091
2025-09-02 13:30:11,BTCUSDT,SELL,,,17877455,,110277.76,,0.9091
2025-09-02 13:31:04,BTCUSDT,SELL,,,17877518,,110289.5,,0.9091
2025-09-02 13:31:39,BTCUSDT,BUY,,,17877572,,110322.33,,0.9096
2025-09-02 13:32:09,BTCUSDT,BUY,,,17877626,,110300.49,,0.9096
2025-09-02 13:33:10,BTCUSDT,BUY,,,17877697,,110262.62,,0.9096
2025-09-02 13:34:04,BTCUSDT,BUY,,,17877795,,110199.34,,0.9096
2025-09-02 13:35:09,BTCUSDT,BUY,,,17877886,,110153.29,,0.9096
✗ Error placing STOP BUY: APIError(code=-2010): Stop price would trigger immediately.
2025-09-02 13:36:02,BTCUSDT,SELL,,,17877955,,110108.46,,0.9096
2025-09-02 13:37:03,BTCUSDT,SELL,,,17878046,,110133.96,,0.9096
2025-09-02 13:38:04,BTCUSDT,SELL,,,17878136,,110226.11,,0.9096
2025-09-02 13:39:06,BTCUSDT,SELL,,,17878222,,110240.13,,0.9096
2025-09-02 13:40:04,BTCUSDT,SELL,,,17878310,,110256.96,,0.9096
2025-09-02 13:41:04,BTCUSDT,SELL,,,17878451,,110299.5,,0.9096
2025-09-02 13:42:04,BTCUSDT,SELL,,,17878577,,110337.34,,0.9096
2025-09-02 13:43:06,BTCUSDT,SELL,,,17878709,,110430.99,,0.9096
2025-09-02 13:44:05,BTCUSDT,SELL,,,17878845,,110465.02,,0.9096
2025-09-02 13:45:03,BTCUSDT,SELL,,,17878970,,110509.95,,0.9096
2025-09-02 13:46:04,BTCUSDT,SELL,,,17879123,,110502.52,,0.9096
2025-09-02 13:47:05,BTCUSDT,SELL,,,17879219,,110563.23,,0.9096
✗ Error placing STOP SELL: APIError(code=-2010): Stop price would trigger immediately.
2025-09-02 13:48:29,BTCUSDT,BUY,,,17879334,,110570.5,,0.9122
2025-09-02 13:49:04,BTCUSDT,BUY,,,17879361,,110552.51,,0.9122
2025-09-02 13:49:57,BTCUSDT,SELL,,,17879440,,110499.5,,0.9122
2025-09-02 13:50:04,BTCUSDT,SELL,,,17879441,,110487.85,,0.9122
2025-09-02 13:51:05,BTCUSDT,SELL,,,17879533,,110563.52,,0.9122
2025-09-02 13:52:04,BTCUSDT,SELL,,,17879635,,110555.73,,0.9122
2025-09-02 13:54:10,BTCUSDT,SELL,,,17879859,,110588.91,,0.9122
✗ Error placing STOP SELL: APIError(code=-2010): Stop price would trigger immediately.
2025-09-02 13:54:31,BTCUSDT,BUY,,,17879900,,110711.6,,0.9118
2025-09-02 13:55:11,BTCUSDT,BUY,,,17879989,,110602.54,,0.9118
2025-09-02 13:56:11,BTCUSDT,BUY,,,17880116,,110532.5,,0.9118
2025-09-02 13:57:10,BTCUSDT,BUY,,,17880243,,110486.5,,0.9118
2025-09-02 13:58:11,BTCUSDT,BUY,,,17880373,,110458.74,,0.9118
2025-09-02 13:59:11,BTCUSDT,BUY,,,17880456,,110399.21,,0.9118
2025-09-02 14:00:04,BTCUSDT,BUY,,,17880535,,110396.5,,0.9118
2025-09-02 14:01:05,BTCUSDT,BUY,,,17880636,,110360.51,,0.9118
2025-09-02 14:02:06,BTCUSDT,BUY,,,17880783,,110334.44,,0.9118
2025-09-02 14:02:26,BTCUSDT,SELL,,,17880809,,110270.65,,0.9118
2025-09-02 14:03:05,BTCUSDT,SELL,,,17880898,,110325.5,,0.9118
2025-09-02 14:04:03,BTCUSDT,SELL,,,17881066,,110372.63,,0.9118
2025-09-02 14:05:03,BTCUSDT,SELL,,,17881236,,110391.54,,0.9118
2025-09-02 14:06:03,BTCUSDT,SELL,,,17881381,,110428.74,,0.9118
2025-09-02 14:07:08,BTCUSDT,SELL,,,17881603,,110429.5,,0.9118
2025-09-02 14:08:08,BTCUSDT,SELL,,,17881828,,110470.97,,0.9118
2025-09-02 14:09:03,BTCUSDT,SELL,,,17881990,,110535.29,,0.9118
2025-09-02 14:09:54,BTCUSDT,BUY,,,17882159,,110593.48,,0.9129
2025-09-02 14:10:04,BTCUSDT,BUY,,,17882188,,110556.58,,0.9129
2025-09-02 14:11:05,BTCUSDT,BUY,,,17882388,,110550.3,,0.9129
2025-09-02 14:11:38,BTCUSDT,SELL,,,17882467,,110505.82,,0.9129
2025-09-02 14:12:05,BTCUSDT,SELL,,,17882511,,110549.3,,0.9129
2025-09-02 14:13:03,BTCUSDT,SELL,,,17882756,,110610.61,,0.9129
2025-09-02 14:14:08,BTCUSDT,SELL,,,17882901,,110654.62,,0.9129
✗ Error placing STOP SELL: APIError(code=-2010): Stop price would trigger immediately.
2025-09-02 14:14:30,BTCUSDT,BUY,,,17882969,,110680.7,,0.9131
2025-09-02 14:15:12,BTCUSDT,BUY,,,17883077,,110674.5,,0.9131
✗ Error placing STOP BUY: APIError(code=-2010): Stop price would trigger immediately.
2025-09-02 14:16:11,BTCUSDT,BUY,MARKET,FILLED,17883268,0.00000000,110634.23,0.91310000,0.91310000
2025-09-02 14:16:17,BTCUSDT,SELL,,,17883277,,110585.93,,0.9131
2025-09-02 14:16:49,BTCUSDT,BUY,,,17883445,,110634.23,,0.9126
2025-09-02 14:17:11,BTCUSDT,BUY,,,17883523,,110648.66,,0.9126
2025-09-02 14:18:11,BTCUSDT,BUY,,,17883709,,110627.99,,0.9126
✗ Error placing STOP BUY: APIError(code=-2010): Stop price would trigger immediately.
2025-09-02 14:19:09,BTCUSDT,SELL,,,17883877,,110587.49,,0.9126
2025-09-02 14:20:00,BTCUSDT,SELL,,,17883980,,110640.53,,0.9126
2025-09-02 14:20:18,BTCUSDT,BUY,,,17884040,,110671.54,,0.9112
2025-09-02 14:21:12,BTCUSDT,BUY,,,17884178,,110648.51,,0.9112
2025-09-02 14:22:03,BTCUSDT,BUY,,,17884296,,110586.99,,0.9112
2025-09-02 14:22:34,BTCUSDT,SELL,,,17884419,,110566.26,,0.9112
2025-09-02 14:23:01,BTCUSDT,SELL,,,17884485,,110575.48,,0.9112
2025-09-02 14:24:05,BTCUSDT,SELL,,,17884639,,110566.26,,0.9112
2025-09-02 14:24:31,BTCUSDT,BUY,,,17884718,,110590.5,,0.9106
2025-09-02 14:25:14,BTCUSDT,BUY,,,17884866,,110570.51,,0.9106
2025-09-02 14:26:15,BTCUSDT,BUY,,,17885045,,110490.8,,0.9106
2025-09-02 14:27:12,BTCUSDT,BUY,,,17885200,,110414.09,,0.9106
2025-09-02 14:29:13,BTCUSDT,BUY,,,17885440,,110360.77,,0.9106
2025-09-02 14:30:13,BTCUSDT,BUY,,,17885611,,110356.56,,0.9106
2025-09-02 14:31:03,BTCUSDT,BUY,,,17885804,,110322.79,,0.9106
✗ Error placing STOP SELL: APIError(code=-2010): Account has insufficient balance for requested action.
✗ Error placing STOP SELL: APIError(code=-2010): Account has insufficient balance for requested action.
✗ Error placing STOP SELL: APIError(code=-2010): Account has insufficient balance for requested action.
✗ Error placing STOP SELL: APIError(code=-2010): Account has insufficient balance for requested action.
✗ Error placing STOP SELL: APIError(code=-2010): Account has insufficient balance for requested action.
✗ Error placing STOP SELL: APIError(code=-2010): Account has insufficient balance for requested action.
✗ Error placing STOP SELL: APIError(code=-2010): Account has insufficient balance for requested action.
✗ Error placing STOP SELL: APIError(code=-2010): Account has insufficient balance for requested action.
✗ Error placing STOP SELL: APIError(code=-2010): Stop price would trigger immediately.
2025-09-02 14:33:33,BTCUSDT,SELL,MARKET,FILLED,17886108,0.00000000,110304.65,0.52667000,0.52667000
2025-09-02 14:33:42,BTCUSDT,BUY,,,17886117,,110328.36,,0.8616
2025-09-02 14:34:04,BTCUSDT,BUY,,,17886159,,110305.65,,0.8616
2025-09-02 14:35:13,BTCUSDT,BUY,,,17886267,,110298.49,,0.8616
✗ Error placing STOP BUY: APIError(code=-2010): Stop price would trigger immediately.
2025-09-02 14:36:04,BTCUSDT,SELL,,,17886360,,110291.5,,0.8616
2025-09-02 14:37:04,BTCUSDT,SELL,,,17886533,,110336.49,,0.8616
2025-09-02 14:38:09,BTCUSDT,SELL,,,17886673,,110383.5,,0.8616
2025-09-02 14:38:30,BTCUSDT,BUY,,,17886709,,110396.37,,0.8618
2025-09-02 14:39:04,BTCUSDT,BUY,,,17886784,,110399.2,,0.8618
2025-09-02 14:39:29,BTCUSDT,SELL,,,17886828,,110370.87,,0.8618
2025-09-02 14:40:07,BTCUSDT,SELL,,,17886914,,110394.28,,0.8618
2025-09-02 14:41:05,BTCUSDT,BUY,,,17887028,,110446.48,,0.8616
2025-09-02 14:42:10,BTCUSDT,BUY,,,17887165,,110389.28,,0.8616
2025-09-02 14:43:14,BTCUSDT,BUY,,,17887271,,110335.44,,0.8616
2025-09-02 14:44:03,BTCUSDT,BUY,,,17887324,,110342.51,,0.8616
✗ Error placing STOP BUY: APIError(code=-2010): Stop price would trigger immediately.
2025-09-02 14:44:39,BTCUSDT,SELL,,,17887400,,110320.95,,0.8616
2025-09-02 14:45:10,BTCUSDT,SELL,,,17887431,,110338.44,,0.8616
2025-09-02 14:46:05,BTCUSDT,SELL,,,17887502,,110339.5,,0.8616
2025-09-02 14:46:25,BTCUSDT,BUY,,,17887544,,110391.95,,0.8614
2025-09-02 14:47:11,BTCUSDT,BUY,,,17887613,,110357.64,,0.8614
2025-09-02 14:48:13,BTCUSDT,BUY,,,17887700,,110334.59,,0.8614
2025-09-02 14:49:07,BTCUSDT,BUY,,,17887753,,110334.5,,0.8614
2025-09-02 14:49:37,BTCUSDT,SELL,,,17887807,,110319.51,,0.8614
2025-09-02 14:50:05,BTCUSDT,SELL,,,17887860,,110313.71,,0.8614
2025-09-02 14:50:26,BTCUSDT,BUY,,,17887886,,110376.37,,0.8609
2025-09-02 14:51:11,BTCUSDT,BUY,,,17887929,,110351.68,,0.8609
✗ Error placing STOP BUY: APIError(code=-2010): Stop price would trigger immediately.
2025-09-02 14:51:42,BTCUSDT,SELL,,,17887977,,110300.7,,0.8609
2025-09-02 14:52:01,BTCUSDT,SELL,,,17887999,,110335.37,,0.8609
2025-09-02 14:52:56,BTCUSDT,BUY,,,17888090,,110392.29,,0.8604
2025-09-02 14:53:05,BTCUSDT,BUY,,,17888093,,110370.94,,0.8604
2025-09-02 14:54:13,BTCUSDT,BUY,,,17888163,,110304.65,,0.8604
✗ Error placing STOP BUY: APIError(code=-2010): Stop price would trigger immediately.
2025-09-02 14:55:00,BTCUSDT,SELL,,,17888235,,110300.7,,0.8604
2025-09-02 14:55:11,BTCUSDT,SELL,,,17888239,,110303.64,,0.8604
2025-09-02 14:56:11,BTCUSDT,SELL,,,17888305,,110313.69,,0.8604
2025-09-02 14:56:34,BTCUSDT,BUY,,,17888335,,110332.48,,0.8604
2025-09-02 14:57:08,BTCUSDT,SELL,,,17888387,,110301.5,,0.8604
2025-09-02 14:58:09,BTCUSDT,SELL,,,17888495,,110336.65,,0.8604
2025-09-02 14:59:05,BTCUSDT,SELL,,,17888620,,110359.5,,0.8604
2025-09-02 15:00:04,BTCUSDT,SELL,,,17888710,,110416.75,,0.8604
2025-09-02 15:01:04,BTCUSDT,SELL,,,17888836,,110437.37,,0.8604
2025-09-02 15:01:21,BTCUSDT,BUY,,,17888875,,110478.35,,0.8608
2025-09-02 15:02:10,BTCUSDT,BUY,,,17888969,,110472.84,,0.8608
2025-09-02 15:03:11,BTCUSDT,BUY,,,17889069,,110389.47,,0.8608
2025-09-02 15:04:12,BTCUSDT,BUY,,,17889173,,110369.73,,0.8608
2025-09-02 15:04:34,BTCUSDT,SELL,,,17889204,,110340.79,,0.8608
2025-09-02 15:05:01,BTCUSDT,SELL,,,17889249,,110342.6,,0.8608
2025-09-02 15:05:47,BTCUSDT,BUY,,,17889303,,110388.49,,0.8606
2025-09-02 15:06:11,BTCUSDT,BUY,,,17889360,,110370.48,,0.8606
2025-09-02 15:06:46,BTCUSDT,SELL,,,17889396,,110339.5,,0.8606
2025-09-02 15:07:09,BTCUSDT,SELL,,,17889433,,110369.47,,0.8606
✗ Error placing STOP SELL: APIError(code=-2010): Stop price would trigger immediately.
2025-09-02 15:07:44,BTCUSDT,BUY,,,17889483,,110400.5,,0.8597
2025-09-02 15:09:11,BTCUSDT,BUY,,,17889670,,110393.71,,0.8597
✗ Error placing STOP BUY: APIError(code=-2010): Stop price would trigger immediately.
2025-09-02 15:09:29,BTCUSDT,SELL,,,17889695,,110327.92,,0.8597
2025-09-02 15:10:08,BTCUSDT,SELL,,,17889802,,110385.51,,0.8597
✗ Error placing STOP SELL: APIError(code=-2010): Stop price would trigger immediately.
2025-09-02 15:10:54,BTCUSDT,BUY,,,17889863,,110434.5,,0.8595
2025-09-02 15:11:06,BTCUSDT,BUY,,,17889888,,110420.51,,0.8595
2025-09-02 15:12:11,BTCUSDT,BUY,,,17890005,,110390.5,,0.8595
2025-09-02 15:14:12,BTCUSDT,BUY,,,17890209,,110374.52,,0.8595
✗ Error placing STOP BUY: APIError(code=-2010): Stop price would trigger immediately.
2025-09-02 15:14:28,BTCUSDT,SELL,,,17890251,,110352.85,,0.8595
2025-09-02 15:15:04,BTCUSDT,SELL,,,17890349,,110358.34,,0.8595
✗ Error placing STOP SELL: APIError(code=-2010): Stop price would trigger immediately.
2025-09-02 15:16:15,BTCUSDT,SELL,MARKET,FILLED,17890509,0.00000000,110395.51,0.85950000,0.85950000
2025-09-02 15:16:27,BTCUSDT,BUY,,,17890545,,110475.58,,0.8595
2025-09-02 15:17:03,BTCUSDT,BUY,,,17890615,,110396.52,,0.8595
2025-09-02 15:18:07,BTCUSDT,BUY,,,17890736,,110353.86,,0.8595
2025-09-02 15:19:11,BTCUSDT,BUY,,,17890811,,110344.78,,0.8595
2025-09-02 15:21:06,BTCUSDT,BUY,,,17890960,,110323.16,,0.8595
2025-09-02 15:23:33,BTCUSDT,SELL,,,17891199,,110303.98,,0.8595
2025-09-02 15:25:06,BTCUSDT,BUY,,,17891375,,110325.41,,0.8589
2025-09-02 15:26:05,BTCUSDT,BUY,,,17891468,,110300.51,,0.8589
2025-09-02 15:26:12,BTCUSDT,SELL,,,17891495,,110299.5,,0.8589
2025-09-02 15:28:01,BTCUSDT,SELL,,,17891708,,110304.5,,0.8589
2025-09-02 15:28:30,BTCUSDT,BUY,,,17891773,,110344.5,,0.8586
2025-09-02 15:29:10,BTCUSDT,BUY,,,17891841,,110310.65,,0.8586
2025-09-02 15:30:11,BTCUSDT,BUY,,,17891976,,110290.51,,0.8586
2025-09-02 15:31:05,BTCUSDT,BUY,,,17892077,,110257.57,,0.8586
2025-09-02 15:32:04,BTCUSDT,BUY,,,17892171,,110251.72,,0.8586
2025-09-02 15:33:10,BTCUSDT,BUY,,,17892290,,110225.68,,0.8586
2025-09-02 15:34:14,BTCUSDT,BUY,,,17892422,,110225.18,,0.8586
2025-09-02 15:35:07,BTCUSDT,BUY,,,17892524,,110213.68,,0.8586
✗ Error placing STOP BUY: APIError(code=-2010): Stop price would trigger immediately.
2025-09-02 15:35:47,BTCUSDT,SELL,,,17892577,,110184.54,,0.8586
2025-09-02 15:36:04,BTCUSDT,SELL,,,17892607,,110212.67,,0.8586
2025-09-02 15:37:03,BTCUSDT,SELL,,,17892709,,110218.61,,0.8586
2025-09-02 15:38:04,BTCUSDT,SELL,,,17892801,,110219.5,,0.8586
2025-09-02 15:38:13,BTCUSDT,BUY,,,17892828,,110233.16,,0.8586
2025-09-02 15:39:11,BTCUSDT,BUY,,,17892923,,110220.5,,0.8586
✗ Error placing STOP BUY: APIError(code=-2010): Stop price would trigger immediately.
2025-09-02 15:40:00,BTCUSDT,SELL,,,17893018,,110202.49,,0.8586
2025-09-02 15:41:04,BTCUSDT,SELL,,,17893116,,110223.76,,0.8586
2025-09-02 15:42:04,BTCUSDT,SELL,,,17893232,,110239.47,,0.8586
✗ Error placing STOP SELL: APIError(code=-2010): Stop price would trigger immediately.
2025-09-02 15:43:08,BTCUSDT,BUY,,,17893399,,110346.01,,0.8579
2025-09-02 15:44:04,BTCUSDT,BUY,,,17893552,,110234.27,,0.8579
2025-09-03 07:58:24,BTCUSDT,SELL,,,17994507,,111384.01,,0.8579
2025-09-03 07:59:26,BTCUSDT,BUY,,,17994633,,111394.03,,0.8655
2025-09-03 08:00:10,BTCUSDT,BUY,,,17994740,,111386.51,,0.8655
2025-09-03 09:22:11,BTCUSDT,SELL,,,18004288,,110905.99,,0.8655
2025-09-03 09:23:04,BTCUSDT,SELL,,,18004378,,110961.6,,0.8655
2025-09-03 09:24:04,BTCUSDT,SELL,,,18004447,,110999.5,,0.8655
2025-09-03 09:25:05,BTCUSDT,SELL,,,18004587,,111015.49,,0.8655
2025-09-03 09:26:04,BTCUSDT,SELL,,,18004709,,111061.5,,0.8655
2025-09-03 09:27:08,BTCUSDT,SELL,,,18004844,,111079.9,,0.8655
2025-09-03 09:27:24,BTCUSDT,BUY,,,18004882,,111101.5,,0.8631
2025-09-03 09:28:11,BTCUSDT,BUY,,,18004974,,111080.91,,0.8631
2025-09-03 09:30:29,BTCUSDT,BUY,,,18005162,,111022.52,,0.8631
2025-09-03 09:32:05,BTCUSDT,BUY,,,18005308,,111020.51,,0.8631
2025-09-03 09:33:10,BTCUSDT,BUY,,,18005387,,111014.38,,0.8631
2025-09-03 09:53:22,BTCUSDT,SELL,,,18007161,,111039.11,,0.8631
2025-09-03 09:54:03,BTCUSDT,SELL,,,18007213,,111057.04,,0.8631
✗ Error placing STOP SELL: APIError(code=-2010): Stop price would trigger immediately.
2025-09-03 10:21:59,BTCUSDT,BUY,,,18009752,,110862.3,,0.8629
2025-09-03 10:22:11,BTCUSDT,BUY,,,18009779,,110858.49,,0.8629
2025-09-03 10:23:04,BTCUSDT,BUY,,,18009889,,110800.5,,0.8629
2025-09-03 10:29:08,BTCUSDT,SELL,,,18010539,,110760.08,,0.8629
2025-09-03 10:30:05,BTCUSDT,SELL,,,18010622,,110775.55,,0.8629
2025-09-03 10:31:03,BTCUSDT,SELL,,,18010752,,110778.05,,0.8629
2025-09-03 10:32:06,BTCUSDT,SELL,,,18010806,,110821.5,,0.8629
2025-09-03 10:33:04,BTCUSDT,SELL,,,18010898,,110810.44,,0.8629
2025-09-03 10:33:25,BTCUSDT,BUY,,,18010928,,110847.15,,0.8628
2025-09-03 10:34:11,BTCUSDT,BUY,,,18011001,,110816.73,,0.8628
✗ Error placing STOP BUY: APIError(code=-2010): Stop price would trigger immediately.
2025-09-03 10:35:07,BTCUSDT,BUY,MARKET,FILLED,18011079,0.00000000,110806.37,0.86280000,0.86280000
2025-09-03 10:35:16,BTCUSDT,SELL,,,18011083,,110784.11,,0.8628
2025-09-03 10:36:04,BTCUSDT,SELL,,,18011162,,110805.36,,0.8628
✗ Error placing STOP SELL: APIError(code=-2010): Stop price would trigger immediately.
2025-09-03 10:37:12,BTCUSDT,BUY,,,18011279,,110841.37,,0.8624
2025-09-03 10:38:10,BTCUSDT,BUY,,,18011360,,110826.98,,0.8624
2025-09-03 10:39:08,BTCUSDT,SELL,,,18011456,,110817.1,,0.8624
2025-09-03 10:40:04,BTCUSDT,SELL,,,18011500,,110833.37,,0.8624
✗ Error placing STOP SELL: APIError(code=-2010): Stop price would trigger immediately.
2025-09-03 10:40:19,BTCUSDT,BUY,,,18011554,,110835.19,,0.8623
2025-09-03 10:42:03,BTCUSDT,BUY,,,18011748,,110820.49,,0.8623
2025-09-03 10:43:10,BTCUSDT,BUY,,,18011873,,110777.55,,0.8623
2025-09-03 10:44:11,BTCUSDT,BUY,,,18011962,,110771.03,,0.8623
2025-09-03 10:45:10,BTCUSDT,BUY,,,18012053,,110781.13,,0.0981
2025-09-03 10:45:16,BTCUSDT,SELL,,,18012066,,110770.02,,0.8623
2025-09-03 10:45:30,BTCUSDT,BUY,,,18012102,,110781.13,,0.8621
2025-09-03 10:47:04,BTCUSDT,BUY,,,18012237,,110784.91,,0.8621
2025-09-03 10:48:12,BTCUSDT,BUY,,,18012327,,110784.9,,0.8621
✗ Error placing STOP BUY: APIError(code=-2010): Stop price would trigger immediately.
2025-09-03 10:48:39,BTCUSDT,SELL,,,18012364,,110758.48,,0.8621
2025-09-03 10:49:06,BTCUSDT,BUY,,,18012423,,110794.5,,0.8618
2025-09-03 10:50:05,BTCUSDT,BUY,,,18012484,,110764.5,,0.8618
2025-09-03 10:51:04,BTCUSDT,BUY,,,18012584,,110784.55,,0.8618
2025-09-03 10:52:12,BTCUSDT,BUY,,,18012688,,110784.56,,0.8618
2025-09-03 10:53:12,BTCUSDT,BUY,,,18012770,,110743.12,,0.8618
2025-09-03 10:53:51,BTCUSDT,SELL,,,18012842,,110717.7,,0.8618
2025-09-03 10:54:03,BTCUSDT,SELL,,,18012846,,110742.11,,0.8618
2025-09-03 10:56:32,BTCUSDT,BUY,,,18013205,,110723.05,,0.8433
2025-09-03 10:57:10,BTCUSDT,BUY,,,18013280,,110704.51,,0.8433
